<?xml version="1.0" encoding="UTF-8"?>
<project-private xmlns="http://www.netbeans.org/ns/project-private/1">
    <editor-bookmarks xmlns="http://www.netbeans.org/ns/editor-bookmarks/2" lastBookmarkId="0"/>
    <open-files xmlns="http://www.netbeans.org/ns/projectui-open-files/2">
        <group>
            <file>file:/C:/Users/JSU/Desktop/cs425-lab4-master/cs425-lab4-master/web/scripts/Lab4.js</file>
            <file>file:/C:/Users/JSU/Desktop/cs425-lab4-master/cs425-lab4-master/web/index.html</file>
            <file>file:/C:/Users/JSU/Desktop/cs425-lab4-master/cs425-lab4-master/web/rates.csv</file>
            <file>file:/C:/Users/JSU/Desktop/cs425-lab4-master/cs425-lab4-master/src/java/edu/jsu/mcis/cs425/Lab4/latest.java</file>
            <file>file:/C:/Users/JSU/Desktop/cs425-lab4-master/cs425-lab4-master/src/java/edu/jsu/mcis/cs425/Lab4/Test.java</file>
            <file>file:/C:/Users/JSU/Desktop/cs425-lab4-master/cs425-lab4-master/src/java/edu/jsu/mcis/cs425/Lab4/Rates.java</file>
        </group>
    </open-files>
</project-private>
